{"cameraMode":{"drawMode":0,"name":"Shaded","section":"Shading Mode"},"sceneLighting":true,"audioPlay":false,"sceneViewState":{"m_AlwaysRefresh":false,"showFog":true,"showSkybox":true,"showFlares":true,"showImageEffects":true,"showParticleSystems":true,"showVisualEffectGraphs":true,"m_FxEnabled":true},"in2DMode":false,"pivot":{"x":-0.8335281014442444,"y":7.14304780960083,"z":5.714104175567627},"rotation":{"x":0.0015003783628344536,"y":-0.007496314123272896,"z":0.000035137625673087314,"w":0.9999866485595703},"size":16.145662307739259,"orthographic":false}