{"cameraMode":{"drawMode":0,"name":"Shaded","section":"Shading Mode"},"sceneLighting":true,"audioPlay":false,"sceneViewState":{"m_AlwaysRefresh":false,"showFog":true,"showSkybox":true,"showFlares":true,"showImageEffects":true,"showParticleSystems":true,"showVisualEffectGraphs":true,"m_FxEnabled":true},"in2DMode":false,"pivot":{"x":0.7836644649505615,"y":1.7421733140945435,"z":-0.6813632249832153},"rotation":{"x":-0.0015001167776063085,"y":-0.0419851578772068,"z":-0.000013838091945217457,"w":0.9991364479064941},"size":7.682498455047607,"orthographic":false}