{"cameraMode":{"drawMode":0,"name":"Shaded","section":"Shading Mode"},"sceneLighting":true,"audioPlay":false,"sceneViewState":{"m_AlwaysRefresh":false,"showFog":true,"showSkybox":true,"showFlares":true,"showImageEffects":true,"showParticleSystems":true,"showVisualEffectGraphs":true,"m_FxEnabled":true},"in2DMode":false,"pivot":{"x":11.080757141113282,"y":-5.263494968414307,"z":51.50400924682617},"rotation":{"x":0.013499344699084759,"y":-0.007496300619095564,"z":0.0001024472076096572,"w":0.9998833537101746},"size":78.89439392089844,"orthographic":false}