{"cameraMode":{"drawMode":0,"name":"Shaded","section":"Shading Mode"},"sceneLighting":true,"audioPlay":false,"sceneViewState":{"m_AlwaysRefresh":false,"showFog":true,"showSkybox":true,"showFlares":true,"showImageEffects":true,"showParticleSystems":true,"showVisualEffectGraphs":true,"m_FxEnabled":true},"in2DMode":false,"pivot":{"x":0.3444785475730896,"y":18.92578125,"z":11.026187896728516},"rotation":{"x":0.05397496744990349,"y":0.000005175181286176667,"z":0.000024038834453676827,"w":0.9985529184341431},"size":35.64954376220703,"orthographic":false}