{"cameraMode":{"drawMode":0,"name":"Shaded","section":"Shading Mode"},"sceneLighting":true,"audioPlay":false,"sceneViewState":{"m_AlwaysRefresh":false,"showFog":true,"showSkybox":true,"showFlares":true,"showImageEffects":true,"showParticleSystems":true,"showVisualEffectGraphs":true,"m_FxEnabled":true},"in2DMode":false,"pivot":{"x":139.5367889404297,"y":16.898208618164064,"z":-7.3636908531188969},"rotation":{"x":0.041989002376794818,"y":0.000004399909357744036,"z":0.00003197774276486598,"w":0.9991341829299927},"size":6.972336292266846,"orthographic":false}