{"cameraMode":{"drawMode":0,"name":"Shaded","section":"Shading Mode"},"sceneLighting":true,"audioPlay":false,"sceneViewState":{"m_AlwaysRefresh":false,"showFog":true,"showSkybox":true,"showFlares":true,"showImageEffects":true,"showParticleSystems":true,"showVisualEffectGraphs":true,"m_FxEnabled":true},"in2DMode":false,"pivot":{"x":37.96458053588867,"y":21.554561614990236,"z":16.027679443359376},"rotation":{"x":0.04498547688126564,"y":0.0000049587943067308519,"z":0.000013640408724313602,"w":0.9989975690841675},"size":18.120683670043947,"orthographic":false}