{"cameraMode":{"drawMode":0,"name":"Shaded","section":"Shading Mode"},"sceneLighting":true,"audioPlay":false,"sceneViewState":{"m_AlwaysRefresh":false,"showFog":true,"showSkybox":true,"showFlares":true,"showImageEffects":true,"showParticleSystems":true,"showVisualEffectGraphs":true,"m_FxEnabled":true},"in2DMode":false,"pivot":{"x":6.022809028625488,"y":10.564266204833985,"z":46.64855194091797},"rotation":{"x":0.07643397897481919,"y":0.006322135217487812,"z":-0.0001456278987461701,"w":0.9971626996994019},"size":44.42514419555664,"orthographic":false}